﻿<?xml version="1.0" encoding="UTF-8" standalone="yes"?>
<addon id="script.moonlight" name="Moonlight" version="1.0.9" provider-name="dead">
    <requires>
        <import addon="xbmc.python" version="2.14.0"/>
    </requires>
    <extension point="xbmc.python.pluginsource" library="addon.py">
        <provides>executable</provides>
    </extension>
    <extension point="xbmc.service" library="service.py">
    </extension>
    <extension point="xbmc.addon.metadata">
        <platform>linux</platform>
        <summary lang="en">Run moonlight</summary>
        <description lang="en">Run moonlight</description>
        <license>GNU General Public License, v2</license>
        <language></language>
        <email>gustavobenn@hotmail.com</email>
    </extension>
</addon>